<?xml version="1.0" encoding="UTF-8"?>
<metadata xml:lang="fr"><Esri><CreaDate>20220129</CreaDate><CreaTime>16250100</CreaTime><ArcGISFormat>1.0</ArcGISFormat><SyncOnce>TRUE</SyncOnce><DataProperties><lineage><Process ToolSource="c:\program files\arcgis\pro\Resources\ArcToolbox\Toolboxes\Data Management Tools.tbx\Rename" Date="20220129" Time="162501">Rename C:\Users\arthu\Desktop\cours_python\source\riviere\MasseDEauRiviere_VRAP2010_FXX.shp C:\Users\arthu\Desktop\cours_python\source\riviere\riviere.shp ShapeFile</Process></lineage></DataProperties></Esri></metadata>
